priority,cluster,query,target_page,target_url,target_position,current_position,current_clicks,current_impressions,current_ctr,last_checked,status,next_action,authority_target
P1,Chinese restaurant,chinese restaurant ai phone ordering,/chinese-restaurant-ai-phone-ordering/,https://serviio.ai/chinese-restaurant-ai-phone-ordering/,1-10,,,,,,needs_search_console_data,Track weekly position and CTR; use query as anchor text for the target page.,Chinese restaurant POS consultants
P1,Chinese restaurant,ai phone answering for chinese restaurants,/chinese-restaurant-phone-answering-service/,https://serviio.ai/chinese-restaurant-phone-answering-service/,1-10,,,,,,needs_search_console_data,Track weekly position and CTR; use query as anchor text for the target page.,Chinese restaurant POS consultants
P1,Chinese restaurant,chinese restaurant phone answering service,/chinese-restaurant-phone-answering-service/,https://serviio.ai/chinese-restaurant-phone-answering-service/,1-10,,,,,,needs_search_console_data,Track weekly position and CTR; use query as anchor text for the target page.,Chinese restaurant POS consultants
P1,Chinese restaurant,phone answering service for chinese restaurants,/chinese-restaurant-phone-answering-service/,https://serviio.ai/chinese-restaurant-phone-answering-service/,1-10,,,,,,needs_search_console_data,Track weekly position and CTR; use query as anchor text for the target page.,Chinese restaurant POS consultants
P2,Phone answering,ai phone answering service for restaurants,/restaurant-phone-answering-service/,https://serviio.ai/restaurant-phone-answering-service/,1-10,,,,,,needs_search_console_data,Track weekly position and CTR; use query as anchor text for the target page.,Restaurant website agencies
P2,Phone answering,restaurant ai phone answering service,/restaurant-phone-answering-service/,https://serviio.ai/restaurant-phone-answering-service/,1-10,,,,,,needs_search_console_data,Track weekly position and CTR; use query as anchor text for the target page.,Restaurant website agencies
P1,Order taking,restaurant ai phone order taker,/restaurant-ai-phone-order-taker/,https://serviio.ai/restaurant-ai-phone-order-taker/,1-10,,,,,,needs_search_console_data,Track weekly position and CTR; use query as anchor text for the target page.,Restaurant POS and automation directories
P1,Order taking,restaurant phone order taker ai,/restaurant-ai-phone-order-taker/,https://serviio.ai/restaurant-ai-phone-order-taker/,1-10,,,,,,needs_search_console_data,Track weekly position and CTR; use query as anchor text for the target page.,Restaurant POS and automation directories
P2,Order taking,ai order taker for restaurant phone calls,/restaurant-ai-phone-order-taker/,https://serviio.ai/restaurant-ai-phone-order-taker/,1-10,,,,,,needs_search_console_data,Track weekly position and CTR; use query as anchor text for the target page.,Restaurant POS and automation directories
P2,Order taking,restaurant voice ordering system,/ai-voice-assistant-for-restaurants/,https://serviio.ai/ai-voice-assistant-for-restaurants/,1-10,,,,,,needs_search_console_data,Track weekly position and CTR; use query as anchor text for the target page.,Restaurant POS and automation directories
P1,Order taking,restaurant phone ordering system,/restaurant-ai-assistant/,https://serviio.ai/restaurant-ai-assistant/,1-10,,,,,,needs_search_console_data,Track weekly position and CTR; use query as anchor text for the target page.,Restaurant POS and automation directories
P1,Order taking,phone ordering system for restaurants,/restaurant-ai-assistant/,https://serviio.ai/restaurant-ai-assistant/,1-10,,,,,,needs_search_console_data,Track weekly position and CTR; use query as anchor text for the target page.,Restaurant POS and automation directories
P1,POS integration,restaurant pos phone order integration,/restaurant-pos-phone-order-integration/,https://serviio.ai/restaurant-pos-phone-order-integration/,1-10,,,,,,needs_search_console_data,Add exact-anchor internal links and prioritize POS directory/consultant authority.,Restaurant POS and automation directories
P1,POS integration,pos integrated ai phone agent,/restaurant-pos-phone-order-integration/,https://serviio.ai/restaurant-pos-phone-order-integration/,1-10,,,,,,needs_search_console_data,Add exact-anchor internal links and prioritize POS directory/consultant authority.,Restaurant POS and automation directories
P1,POS integration,restaurant phone order ai pos,/restaurant-pos-phone-order-integration/,https://serviio.ai/restaurant-pos-phone-order-integration/,1-10,,,,,,needs_search_console_data,Add exact-anchor internal links and prioritize POS directory/consultant authority.,Restaurant POS and automation directories
P1,POS integration,restaurant ai pos integration,/restaurant-pos-phone-order-integration/,https://serviio.ai/restaurant-pos-phone-order-integration/,1-10,,,,,,needs_search_console_data,Add exact-anchor internal links and prioritize POS directory/consultant authority.,Restaurant POS and automation directories
P1,POS system research,restaurant pos system phone orders,/restaurant-pos-phone-order-integration/,https://serviio.ai/restaurant-pos-phone-order-integration/,1-10,,,,,,needs_search_console_data,Use as POS referral lead path; connect no-POS leads to partner follow-up.,POS consultants
P1,POS integration,restaurant POS phone order automation,/restaurant-pos-phone-order-integration/,https://serviio.ai/restaurant-pos-phone-order-integration/,1-10,,,,,,needs_search_console_data,Add exact-anchor internal links and prioritize POS directory/consultant authority.,Restaurant POS and automation directories
P1,POS integration,AI phone ordering for existing POS,/restaurant-pos-phone-order-integration/,https://serviio.ai/restaurant-pos-phone-order-integration/,1-10,,,,,,needs_search_console_data,Add exact-anchor internal links and prioritize POS directory/consultant authority.,Restaurant POS and automation directories
P1,POS integration,phone orders connected to restaurant POS,/restaurant-pos-phone-order-integration/,https://serviio.ai/restaurant-pos-phone-order-integration/,1-10,,,,,,needs_search_console_data,Add exact-anchor internal links and prioritize POS directory/consultant authority.,Restaurant POS and automation directories
P1,POS integration,restaurant POS integration service,/restaurant-pos-phone-order-integration/,https://serviio.ai/restaurant-pos-phone-order-integration/,1-10,,,,,,needs_search_console_data,Add exact-anchor internal links and prioritize POS directory/consultant authority.,Restaurant POS and automation directories
P1,POS integration,restaurant POS integration checklist,/restaurant-pos-phone-order-integration/,https://serviio.ai/restaurant-pos-phone-order-integration/,1-10,,,,,,needs_search_console_data,Add exact-anchor internal links and prioritize POS directory/consultant authority.,Restaurant POS and automation directories
P1,POS integration,Chinese restaurant POS integration checklist,/restaurant-pos-phone-order-integration/,https://serviio.ai/restaurant-pos-phone-order-integration/,1-10,,,,,,needs_search_console_data,Add exact-anchor internal links and prioritize POS directory/consultant authority.,Restaurant POS and automation directories
P1,POS integration,AI phone ordering POS readiness checklist,/restaurant-pos-phone-order-integration/,https://serviio.ai/restaurant-pos-phone-order-integration/,1-10,,,,,,needs_search_console_data,Add exact-anchor internal links and prioritize POS directory/consultant authority.,Restaurant POS and automation directories
P1,POS integration,how to connect phone orders to POS,/guides/connect-phone-orders-to-pos/,https://serviio.ai/guides/connect-phone-orders-to-pos/,1-10,,,,,,needs_search_console_data,Add exact-anchor internal links and prioritize POS directory/consultant authority.,Restaurant POS and automation directories
P1,Order taking,restaurant phone order automation,/restaurant-phone-order-automation/,https://serviio.ai/restaurant-phone-order-automation/,1-10,,,,,,needs_search_console_data,Track weekly position and CTR; use query as anchor text for the target page.,Restaurant POS and automation directories
P2,Restaurant AI category,restaurant ai assistant,/restaurant-ai-assistant/,https://serviio.ai/restaurant-ai-assistant/,1-10,,,,,,needs_search_console_data,Track weekly position and CTR; use query as anchor text for the target page.,Restaurant POS and automation directories
P2,Restaurant AI category,ai assistant for restaurants,/restaurant-ai-assistant/,https://serviio.ai/restaurant-ai-assistant/,1-10,,,,,,needs_search_console_data,Track weekly position and CTR; use query as anchor text for the target page.,Restaurant POS and automation directories
P1,Order taking,restaurant AI assistant for phone orders,/restaurant-ai-assistant/,https://serviio.ai/restaurant-ai-assistant/,1-10,,,,,,needs_search_console_data,Track weekly position and CTR; use query as anchor text for the target page.,Restaurant POS and automation directories
P2,Restaurant AI category,restaurant customer service ai,/restaurant-customer-service-ai/,https://serviio.ai/restaurant-customer-service-ai/,1-10,,,,,,needs_search_console_data,Track weekly position and CTR; use query as anchor text for the target page.,Restaurant POS and automation directories
P2,Restaurant AI category,ai customer service for restaurants,/restaurant-customer-service-ai/,https://serviio.ai/restaurant-customer-service-ai/,1-10,,,,,,needs_search_console_data,Track weekly position and CTR; use query as anchor text for the target page.,Restaurant POS and automation directories
P2,Restaurant AI category,restaurant ai customer support,/restaurant-customer-service-ai/,https://serviio.ai/restaurant-customer-service-ai/,1-10,,,,,,needs_search_console_data,Track weekly position and CTR; use query as anchor text for the target page.,Restaurant POS and automation directories
P2,Restaurant AI category,ai voice assistant for restaurants,/ai-voice-assistant-for-restaurants/,https://serviio.ai/ai-voice-assistant-for-restaurants/,1-10,,,,,,needs_search_console_data,Track weekly position and CTR; use query as anchor text for the target page.,Restaurant POS and automation directories
P2,Restaurant AI category,voice assistant restaurant ordering,/ai-voice-assistant-for-restaurants/,https://serviio.ai/ai-voice-assistant-for-restaurants/,1-10,,,,,,needs_search_console_data,Track weekly position and CTR; use query as anchor text for the target page.,Restaurant POS and automation directories
P2,Restaurant AI category,voice AI for restaurant phone calls,/ai-voice-assistant-for-restaurants/,https://serviio.ai/ai-voice-assistant-for-restaurants/,1-10,,,,,,needs_search_console_data,Track weekly position and CTR; use query as anchor text for the target page.,Restaurant POS and automation directories
P2,Phone answering,restaurant ai receptionist,/restaurant-phone-answering-service/,https://serviio.ai/restaurant-phone-answering-service/,1-10,,,,,,needs_search_console_data,Track weekly position and CTR; use query as anchor text for the target page.,Restaurant website agencies
P2,Phone answering,ai receptionist for restaurants,/restaurant-phone-answering-service/,https://serviio.ai/restaurant-phone-answering-service/,1-10,,,,,,needs_search_console_data,Track weekly position and CTR; use query as anchor text for the target page.,Restaurant website agencies
P2,Phone answering,restaurant virtual receptionist,/restaurant-phone-answering-service/,https://serviio.ai/restaurant-phone-answering-service/,1-10,,,,,,needs_search_console_data,Track weekly position and CTR; use query as anchor text for the target page.,Restaurant website agencies
P1,Chinese restaurant,ai receptionist for chinese restaurants,/chinese-restaurant-phone-answering-service/,https://serviio.ai/chinese-restaurant-phone-answering-service/,1-10,,,,,,needs_search_console_data,Track weekly position and CTR; use query as anchor text for the target page.,Chinese restaurant POS consultants
P1,Chinese restaurant,chinese restaurant ai receptionist,/chinese-restaurant-phone-answering-service/,https://serviio.ai/chinese-restaurant-phone-answering-service/,1-10,,,,,,needs_search_console_data,Track weekly position and CTR; use query as anchor text for the target page.,Chinese restaurant POS consultants
P1,Chinese restaurant,chinese restaurant virtual receptionist,/chinese-restaurant-phone-answering-service/,https://serviio.ai/chinese-restaurant-phone-answering-service/,1-10,,,,,,needs_search_console_data,Track weekly position and CTR; use query as anchor text for the target page.,Chinese restaurant POS consultants
P1,Order taking,restaurant tech ai phone ordering,/restaurant-tech-ai-phone-ordering/,https://serviio.ai/restaurant-tech-ai-phone-ordering/,1-10,,,,,,needs_search_console_data,Track weekly position and CTR; use query as anchor text for the target page.,Restaurant POS and automation directories
P1,Order taking,restaurant technology AI phone ordering,/restaurant-tech-ai-phone-ordering/,https://serviio.ai/restaurant-tech-ai-phone-ordering/,1-10,,,,,,needs_search_console_data,Track weekly position and CTR; use query as anchor text for the target page.,Restaurant POS and automation directories
P2,Restaurant AI category,restaurant technology AI ordering,/restaurant-tech-ai-phone-ordering/,https://serviio.ai/restaurant-tech-ai-phone-ordering/,1-10,,,,,,needs_search_console_data,Track weekly position and CTR; use query as anchor text for the target page.,Restaurant POS and automation directories
P1,Order taking,restaurant tech phone order automation,/restaurant-tech-ai-phone-ordering/,https://serviio.ai/restaurant-tech-ai-phone-ordering/,1-10,,,,,,needs_search_console_data,Track weekly position and CTR; use query as anchor text for the target page.,Restaurant POS and automation directories
P2,Restaurant AI category,restaurant tech voice AI,/ai-voice-assistant-for-restaurants/,https://serviio.ai/ai-voice-assistant-for-restaurants/,1-10,,,,,,needs_search_console_data,Track weekly position and CTR; use query as anchor text for the target page.,Restaurant POS and automation directories
P2,Restaurant AI category,restaurant operations automation,/restaurant-phone-order-automation/,https://serviio.ai/restaurant-phone-order-automation/,1-10,,,,,,needs_search_console_data,Track weekly position and CTR; use query as anchor text for the target page.,Restaurant POS and automation directories
P2,Restaurant AI category,restaurant customer service automation,/restaurant-customer-service-ai/,https://serviio.ai/restaurant-customer-service-ai/,1-10,,,,,,needs_search_console_data,Track weekly position and CTR; use query as anchor text for the target page.,Restaurant POS and automation directories
P2,Chinese restaurant,takeout order automation software,/restaurant-phone-order-automation/,https://serviio.ai/restaurant-phone-order-automation/,1-10,,,,,,needs_search_console_data,Track weekly position and CTR; use query as anchor text for the target page.,Chinese restaurant POS consultants
P1,Order taking,restaurant automation software phone orders,/restaurant-phone-order-automation/,https://serviio.ai/restaurant-phone-order-automation/,1-10,,,,,,needs_search_console_data,Track weekly position and CTR; use query as anchor text for the target page.,Restaurant POS and automation directories
P1,Order taking,automate restaurant phone orders,/restaurant-ai-assistant/,https://serviio.ai/restaurant-ai-assistant/,1-10,,,,,,needs_search_console_data,Track weekly position and CTR; use query as anchor text for the target page.,Restaurant POS and automation directories
P1,Order taking,automated phone ordering for restaurants,/restaurant-ai-assistant/,https://serviio.ai/restaurant-ai-assistant/,1-10,,,,,,needs_search_console_data,Track weekly position and CTR; use query as anchor text for the target page.,Restaurant POS and automation directories
P1,POS system research,best pos for chinese restaurant,/best-pos-for-chinese-restaurant-phone-orders/,https://serviio.ai/best-pos-for-chinese-restaurant-phone-orders/,1-10,,,,,,needs_search_console_data,Use as POS referral lead path; connect no-POS leads to partner follow-up.,POS consultants
P1,POS system research,chinese restaurant pos system,/chinese-restaurant-pos-system/,https://serviio.ai/chinese-restaurant-pos-system/,1-10,,,,,,needs_search_console_data,Use as POS referral lead path; connect no-POS leads to partner follow-up.,POS consultants
P1,POS system research,pos system for chinese takeout restaurant,/restaurant-pos-phone-order-integration/,https://serviio.ai/restaurant-pos-phone-order-integration/,1-10,,,,,,needs_search_console_data,Use as POS referral lead path; connect no-POS leads to partner follow-up.,POS consultants
P1,POS system research,POS system for takeout restaurant,/restaurant-pos-phone-order-integration/,https://serviio.ai/restaurant-pos-phone-order-integration/,1-10,,,,,,needs_search_console_data,Use as POS referral lead path; connect no-POS leads to partner follow-up.,POS consultants
P1,POS integration,restaurant POS for phone orders,/restaurant-pos-phone-order-integration/,https://serviio.ai/restaurant-pos-phone-order-integration/,1-10,,,,,,needs_search_console_data,Add exact-anchor internal links and prioritize POS directory/consultant authority.,Restaurant POS and automation directories
P1,POS system research,best POS for takeout orders,/best-pos-for-chinese-restaurant-phone-orders/,https://serviio.ai/best-pos-for-chinese-restaurant-phone-orders/,1-10,,,,,,needs_search_console_data,Use as POS referral lead path; connect no-POS leads to partner follow-up.,POS consultants
P1,POS integration,restaurant POS order management,/restaurant-pos-phone-order-integration/,https://serviio.ai/restaurant-pos-phone-order-integration/,1-10,,,,,,needs_search_console_data,Add exact-anchor internal links and prioritize POS directory/consultant authority.,Restaurant POS and automation directories
P1,POS integration,Chinese takeout order POS,/chinese-restaurant-pos-system/,https://serviio.ai/chinese-restaurant-pos-system/,1-10,,,,,,needs_search_console_data,Add exact-anchor internal links and prioritize POS directory/consultant authority.,Restaurant POS and automation directories
P1,POS system research,best POS for Chinese takeout orders,/best-pos-for-chinese-restaurant-phone-orders/,https://serviio.ai/best-pos-for-chinese-restaurant-phone-orders/,1-10,,,,,,needs_search_console_data,Use as POS referral lead path; connect no-POS leads to partner follow-up.,POS consultants
P1,Chinese restaurant,ai phone ordering for chinese takeout,/chinese-restaurant-ai-phone-ordering/,https://serviio.ai/chinese-restaurant-ai-phone-ordering/,1-10,,,,,,needs_search_console_data,Track weekly position and CTR; use query as anchor text for the target page.,Chinese restaurant POS consultants
P1,Order taking,bilingual restaurant phone ordering,/mandarin-cantonese-ai-phone-ordering/,https://serviio.ai/mandarin-cantonese-ai-phone-ordering/,1-10,,,,,,needs_search_console_data,Track weekly position and CTR; use query as anchor text for the target page.,Restaurant POS and automation directories
P2,Chinese restaurant,mandarin ai phone answering for restaurants,/restaurant-phone-answering-service/,https://serviio.ai/restaurant-phone-answering-service/,1-10,,,,,,needs_search_console_data,Track weekly position and CTR; use query as anchor text for the target page.,Chinese restaurant POS consultants
P1,Chinese restaurant,mandarin restaurant phone ordering,/mandarin-cantonese-ai-phone-ordering/,https://serviio.ai/mandarin-cantonese-ai-phone-ordering/,1-10,,,,,,needs_search_console_data,Track weekly position and CTR; use query as anchor text for the target page.,Chinese restaurant POS consultants
P1,Chinese restaurant,mandarin and cantonese ai phone ordering,/mandarin-cantonese-ai-phone-ordering/,https://serviio.ai/mandarin-cantonese-ai-phone-ordering/,1-10,,,,,,needs_search_console_data,Track weekly position and CTR; use query as anchor text for the target page.,Chinese restaurant POS consultants
P1,Chinese restaurant,cantonese ai phone ordering for chinese takeout,/mandarin-cantonese-ai-phone-ordering/,https://serviio.ai/mandarin-cantonese-ai-phone-ordering/,1-10,,,,,,needs_search_console_data,Track weekly position and CTR; use query as anchor text for the target page.,Chinese restaurant POS consultants
P1,Chinese restaurant,cantonese restaurant phone order ai,/mandarin-cantonese-ai-phone-ordering/,https://serviio.ai/mandarin-cantonese-ai-phone-ordering/,1-10,,,,,,needs_search_console_data,Track weekly position and CTR; use query as anchor text for the target page.,Chinese restaurant POS consultants
P2,Phone answering,restaurant phone answering AI,/restaurant-phone-answering-service/,https://serviio.ai/restaurant-phone-answering-service/,1-10,,,,,,needs_search_console_data,Track weekly position and CTR; use query as anchor text for the target page.,Restaurant website agencies
P2,Phone answering,AI restaurant call answering,/restaurant-phone-answering-service/,https://serviio.ai/restaurant-phone-answering-service/,1-10,,,,,,needs_search_console_data,Track weekly position and CTR; use query as anchor text for the target page.,Restaurant website agencies
P2,Restaurant AI category,restaurant call automation,/restaurant-phone-order-automation/,https://serviio.ai/restaurant-phone-order-automation/,1-10,,,,,,needs_search_console_data,Track weekly position and CTR; use query as anchor text for the target page.,Restaurant POS and automation directories
P2,Restaurant AI category,restaurant phone call AI,/restaurant-ai-assistant/,https://serviio.ai/restaurant-ai-assistant/,1-10,,,,,,needs_search_console_data,Track weekly position and CTR; use query as anchor text for the target page.,Restaurant POS and automation directories
P2,Phone answering,restaurant missed call recovery,/restaurant-phone-answering-service/,https://serviio.ai/restaurant-phone-answering-service/,1-10,,,,,,needs_search_console_data,Track weekly position and CTR; use query as anchor text for the target page.,Restaurant website agencies
P2,Phone answering,restaurant missed call revenue calculator,/restaurant-missed-call-revenue-calculator/,https://serviio.ai/restaurant-missed-call-revenue-calculator/,1-10,,,,,,needs_search_console_data,Track weekly position and CTR; use query as anchor text for the target page.,Restaurant website agencies
P1,Order taking,restaurant phone order revenue loss calculator,/restaurant-missed-call-revenue-calculator/,https://serviio.ai/restaurant-missed-call-revenue-calculator/,1-10,,,,,,needs_search_console_data,Track weekly position and CTR; use query as anchor text for the target page.,Restaurant POS and automation directories
P0,Named POS,39 miles ai phone ordering,/pos/39-miles-ai-phone-ordering/,https://serviio.ai/pos/39-miles-ai-phone-ordering/,1-10,,,,,,needs_search_console_data,Track in Search Console; build one POS-specific partner/backlink path and one exact-anchor internal link.,39 Miles restaurant consultants
P0,Named POS,39 Miles phone order integration,/pos/39-miles-ai-phone-ordering/,https://serviio.ai/pos/39-miles-ai-phone-ordering/,1-10,,,,,,needs_search_console_data,Track in Search Console; build one POS-specific partner/backlink path and one exact-anchor internal link.,39 Miles restaurant consultants
P0,Named POS,39 Miles POS AI phone agent,/pos/39-miles-ai-phone-ordering/,https://serviio.ai/pos/39-miles-ai-phone-ordering/,1-10,,,,,,needs_search_console_data,Track in Search Console; build one POS-specific partner/backlink path and one exact-anchor internal link.,39 Miles restaurant consultants
P0,Named POS,Chinese restaurant 39 Miles phone orders,/pos/39-miles-ai-phone-ordering/,https://serviio.ai/pos/39-miles-ai-phone-ordering/,1-10,,,,,,needs_search_console_data,Track in Search Console; build one POS-specific partner/backlink path and one exact-anchor internal link.,39 Miles restaurant consultants
P0,Named POS,menusifu ai phone ordering,/pos/menusifu-ai-phone-ordering/,https://serviio.ai/pos/menusifu-ai-phone-ordering/,1-10,,,,,,needs_search_console_data,Track in Search Console; build one POS-specific partner/backlink path and one exact-anchor internal link.,MenuSifu restaurant consultants
P0,Named POS,MenuSifu phone order integration,/pos/menusifu-ai-phone-ordering/,https://serviio.ai/pos/menusifu-ai-phone-ordering/,1-10,,,,,,needs_search_console_data,Track in Search Console; build one POS-specific partner/backlink path and one exact-anchor internal link.,MenuSifu restaurant consultants
P0,Named POS,MenuSifu POS AI phone agent,/pos/menusifu-ai-phone-ordering/,https://serviio.ai/pos/menusifu-ai-phone-ordering/,1-10,,,,,,needs_search_console_data,Track in Search Console; build one POS-specific partner/backlink path and one exact-anchor internal link.,MenuSifu restaurant consultants
P0,Named POS,Chinese restaurant MenuSifu phone orders,/pos/menusifu-ai-phone-ordering/,https://serviio.ai/pos/menusifu-ai-phone-ordering/,1-10,,,,,,needs_search_console_data,Track in Search Console; build one POS-specific partner/backlink path and one exact-anchor internal link.,MenuSifu restaurant consultants
P0,Named POS,chowbus ai phone ordering,/pos/chowbus-ai-phone-ordering/,https://serviio.ai/pos/chowbus-ai-phone-ordering/,1-10,,,,,,needs_search_console_data,Track in Search Console; build one POS-specific partner/backlink path and one exact-anchor internal link.,Chowbus restaurant consultants
P0,Named POS,Chowbus phone order integration,/pos/chowbus-ai-phone-ordering/,https://serviio.ai/pos/chowbus-ai-phone-ordering/,1-10,,,,,,needs_search_console_data,Track in Search Console; build one POS-specific partner/backlink path and one exact-anchor internal link.,Chowbus restaurant consultants
P0,Named POS,Chowbus POS AI phone agent,/pos/chowbus-ai-phone-ordering/,https://serviio.ai/pos/chowbus-ai-phone-ordering/,1-10,,,,,,needs_search_console_data,Track in Search Console; build one POS-specific partner/backlink path and one exact-anchor internal link.,Chowbus restaurant consultants
P0,Named POS,Chinese restaurant Chowbus phone orders,/pos/chowbus-ai-phone-ordering/,https://serviio.ai/pos/chowbus-ai-phone-ordering/,1-10,,,,,,needs_search_console_data,Track in Search Console; build one POS-specific partner/backlink path and one exact-anchor internal link.,Chowbus restaurant consultants
P0,Named POS,mealkeyway ai phone ordering,/pos/mealkeyway-ai-phone-ordering/,https://serviio.ai/pos/mealkeyway-ai-phone-ordering/,1-10,,,,,,needs_search_console_data,Track in Search Console; build one POS-specific partner/backlink path and one exact-anchor internal link.,Mealkeyway restaurant consultants
P0,Named POS,Mealkeyway phone order integration,/pos/mealkeyway-ai-phone-ordering/,https://serviio.ai/pos/mealkeyway-ai-phone-ordering/,1-10,,,,,,needs_search_console_data,Track in Search Console; build one POS-specific partner/backlink path and one exact-anchor internal link.,Mealkeyway restaurant consultants
P0,Named POS,Mealkeyway POS AI phone agent,/pos/mealkeyway-ai-phone-ordering/,https://serviio.ai/pos/mealkeyway-ai-phone-ordering/,1-10,,,,,,needs_search_console_data,Track in Search Console; build one POS-specific partner/backlink path and one exact-anchor internal link.,Mealkeyway restaurant consultants
P0,Named POS,Chinese restaurant Mealkeyway phone orders,/pos/mealkeyway-ai-phone-ordering/,https://serviio.ai/pos/mealkeyway-ai-phone-ordering/,1-10,,,,,,needs_search_console_data,Track in Search Console; build one POS-specific partner/backlink path and one exact-anchor internal link.,Mealkeyway restaurant consultants
P0,Named POS,square ai phone ordering for restaurants,/pos/square-ai-phone-ordering/,https://serviio.ai/pos/square-ai-phone-ordering/,1-10,,,,,,needs_search_console_data,Track in Search Console; build one POS-specific partner/backlink path and one exact-anchor internal link.,Square restaurant consultants
P0,Named POS,Square restaurant phone order integration,/pos/square-ai-phone-ordering/,https://serviio.ai/pos/square-ai-phone-ordering/,1-10,,,,,,needs_search_console_data,Track in Search Console; build one POS-specific partner/backlink path and one exact-anchor internal link.,Square restaurant consultants
P0,Named POS,Square POS phone order AI,/pos/square-ai-phone-ordering/,https://serviio.ai/pos/square-ai-phone-ordering/,1-10,,,,,,needs_search_console_data,Track in Search Console; build one POS-specific partner/backlink path and one exact-anchor internal link.,Square restaurant consultants
P0,Named POS,AI phone agent Square POS,/pos/square-ai-phone-ordering/,https://serviio.ai/pos/square-ai-phone-ordering/,1-10,,,,,,needs_search_console_data,Track in Search Console; build one POS-specific partner/backlink path and one exact-anchor internal link.,Square restaurant consultants
P0,Named POS,Chinese restaurant Square phone orders,/pos/square-ai-phone-ordering/,https://serviio.ai/pos/square-ai-phone-ordering/,1-10,,,,,,needs_search_console_data,Track in Search Console; build one POS-specific partner/backlink path and one exact-anchor internal link.,Square restaurant consultants
P0,Named POS,toast ai phone ordering for restaurants,/pos/toast-ai-phone-ordering/,https://serviio.ai/pos/toast-ai-phone-ordering/,1-10,,,,,,needs_search_console_data,Track in Search Console; build one POS-specific partner/backlink path and one exact-anchor internal link.,Toast restaurant consultants
P0,Named POS,Toast restaurant phone order integration,/pos/toast-ai-phone-ordering/,https://serviio.ai/pos/toast-ai-phone-ordering/,1-10,,,,,,needs_search_console_data,Track in Search Console; build one POS-specific partner/backlink path and one exact-anchor internal link.,Toast restaurant consultants
P0,Named POS,Toast POS phone order AI,/pos/toast-ai-phone-ordering/,https://serviio.ai/pos/toast-ai-phone-ordering/,1-10,,,,,,needs_search_console_data,Track in Search Console; build one POS-specific partner/backlink path and one exact-anchor internal link.,Toast restaurant consultants
P0,Named POS,AI phone agent Toast POS,/pos/toast-ai-phone-ordering/,https://serviio.ai/pos/toast-ai-phone-ordering/,1-10,,,,,,needs_search_console_data,Track in Search Console; build one POS-specific partner/backlink path and one exact-anchor internal link.,Toast restaurant consultants
P0,Named POS,Chinese restaurant Toast phone orders,/pos/toast-ai-phone-ordering/,https://serviio.ai/pos/toast-ai-phone-ordering/,1-10,,,,,,needs_search_console_data,Track in Search Console; build one POS-specific partner/backlink path and one exact-anchor internal link.,Toast restaurant consultants
P0,Named POS,clover ai phone ordering for restaurants,/pos/clover-ai-phone-ordering/,https://serviio.ai/pos/clover-ai-phone-ordering/,1-10,,,,,,needs_search_console_data,Track in Search Console; build one POS-specific partner/backlink path and one exact-anchor internal link.,Clover restaurant consultants
P0,Named POS,Clover restaurant phone order integration,/pos/clover-ai-phone-ordering/,https://serviio.ai/pos/clover-ai-phone-ordering/,1-10,,,,,,needs_search_console_data,Track in Search Console; build one POS-specific partner/backlink path and one exact-anchor internal link.,Clover restaurant consultants
P0,Named POS,Clover POS phone order AI,/pos/clover-ai-phone-ordering/,https://serviio.ai/pos/clover-ai-phone-ordering/,1-10,,,,,,needs_search_console_data,Track in Search Console; build one POS-specific partner/backlink path and one exact-anchor internal link.,Clover restaurant consultants
P0,Named POS,AI phone agent Clover POS,/pos/clover-ai-phone-ordering/,https://serviio.ai/pos/clover-ai-phone-ordering/,1-10,,,,,,needs_search_console_data,Track in Search Console; build one POS-specific partner/backlink path and one exact-anchor internal link.,Clover restaurant consultants
P0,Named POS,Chinese restaurant Clover phone orders,/pos/clover-ai-phone-ordering/,https://serviio.ai/pos/clover-ai-phone-ordering/,1-10,,,,,,needs_search_console_data,Track in Search Console; build one POS-specific partner/backlink path and one exact-anchor internal link.,Clover restaurant consultants
P1,POS system research,restaurant without POS,/best-pos-for-chinese-restaurant-phone-orders/,https://serviio.ai/best-pos-for-chinese-restaurant-phone-orders/,1-10,,,,,,needs_search_console_data,Use as POS referral lead path; connect no-POS leads to partner follow-up.,POS consultants
P1,Local service area,massachusetts chinese restaurant ai phone ordering,/service-areas/massachusetts-chinese-restaurant-ai-phone-ordering/,https://serviio.ai/service-areas/massachusetts-chinese-restaurant-ai-phone-ordering/,1-10,,,,,,needs_search_console_data,Track local impressions; add local association/profile proof before creating more city pages.,Local restaurant associations and business profiles
P1,Local service area,boston chinese restaurant ai phone ordering,/service-areas/boston-chinese-restaurant-ai-phone-ordering/,https://serviio.ai/service-areas/boston-chinese-restaurant-ai-phone-ordering/,1-10,,,,,,needs_search_console_data,Track local impressions; add local association/profile proof before creating more city pages.,Local restaurant associations and business profiles
P2,Local service area,restaurant ai assistant boston,/service-areas/boston-chinese-restaurant-ai-phone-ordering/,https://serviio.ai/service-areas/boston-chinese-restaurant-ai-phone-ordering/,1-10,,,,,,needs_search_console_data,Track local impressions; add local association/profile proof before creating more city pages.,Local restaurant associations and business profiles
P1,Local service area,pennsylvania chinese restaurant ai phone ordering,/service-areas/pennsylvania-chinese-restaurant-ai-phone-ordering/,https://serviio.ai/service-areas/pennsylvania-chinese-restaurant-ai-phone-ordering/,1-10,,,,,,needs_search_console_data,Track local impressions; add local association/profile proof before creating more city pages.,Local restaurant associations and business profiles
P1,Local service area,philadelphia chinese restaurant ai phone ordering,/service-areas/philadelphia-chinese-restaurant-ai-phone-ordering/,https://serviio.ai/service-areas/philadelphia-chinese-restaurant-ai-phone-ordering/,1-10,,,,,,needs_search_console_data,Track local impressions; add local association/profile proof before creating more city pages.,Local restaurant associations and business profiles
P1,Local service area,restaurant pos phone order integration philadelphia,/service-areas/philadelphia-chinese-restaurant-ai-phone-ordering/,https://serviio.ai/service-areas/philadelphia-chinese-restaurant-ai-phone-ordering/,1-10,,,,,,needs_search_console_data,Track local impressions; add local association/profile proof before creating more city pages.,Local restaurant associations and business profiles
